asset,mode,period,slippage_bps,trades,wins,win_rate,net_return,gross_return,fees,funding,profit_factor,max_drawdown,avg_trade,add_count,median_hold_min
BTC,BASELINE_STAGED,discovery,2,20,3,0.15,-0.01991194355627988,-0.012073379829378705,0.007569086722292928,0.0002694770046082473,0.1632195171175425,0.022694750768828865,-0.000995597177813994,3,55.0
BTC,R66_SHARED,discovery,2,14,3,0.21428571428571427,-0.012410743531245137,-0.006831745584247477,0.005299850784905705,0.0002791471620919548,0.24075650105759183,0.01535018441454783,-0.0008864816808032241,2,60.0
BTC,BASELINE_STAGED,control,2,14,1,0.07142857142857142,-0.015986796068712346,-0.01049082978274162,0.0053920252151991995,0.00010394107077152494,0.04971492755299085,0.016510636932024376,-0.0011419140049080247,0,52.5
BTC,R66_SHARED,control,2,10,0,0.0,-0.014278462940966111,-0.010582730633559833,0.0036383661981151923,5.7366109291084286e-05,0.0,0.014803213237908619,-0.0014278462940966112,0,52.5
BTC,BASELINE_STAGED,discovery,5,12,2,0.16666666666666666,-0.011120236912822427,-0.007768004091727945,0.0032222722622629292,0.00012996055883155393,0.11603914941116257,0.012932678350876197,-0.000926686409401869,1,60.0
BTC,R66_SHARED,discovery,5,8,2,0.25,-0.004517750088640317,-0.0022385879752027478,0.0021010807266764004,0.00017808138676116914,0.3770834735733598,0.008182386068884316,-0.0005647187610800397,0,72.5
BTC,BASELINE_STAGED,control,5,5,0,0.0,-0.00583406029367818,-0.004702710227605575,0.0011135665631698682,1.7783502902737597e-05,0.0,0.006577716177090049,-0.001166812058735636,0,55.0
BTC,R66_SHARED,control,5,4,0,0.0,-0.005025431200119786,-0.004227348858109479,0.0007814517700647442,1.6630571945562405e-05,0.0,0.005769444323528527,-0.0012563578000299464,0,55.0
BTC,BASELINE_STAGED,discovery,10,5,2,0.4,-0.0023955633686633055,-0.0014879602324031987,0.0008402796531164233,6.73234831436829e-05,0.3754781882304324,0.0038810991243667767,-0.0004791126737326611,0,60.0
BTC,R66_SHARED,discovery,10,2,2,1.0,0.0021167608511869426,0.0025700734390688776,0.0003377732053151143,0.00011553938256682027,,0.002201656250803781,0.0010583804255934713,0,937.5
BTC,BASELINE_STAGED,control,10,3,0,0.0,-0.0034120927300360774,-0.002952656748074838,0.00044888014079169517,1.0555841169543968e-05,0.0,0.003947189489858117,-0.0011373642433453591,0,55.0
BTC,R66_SHARED,control,10,3,0,0.0,-0.0034120927300360774,-0.002952656748074838,0.00044888014079169517,1.0555841169543968e-05,0.0,0.003947189489858117,-0.0011373642433453591,0,55.0
ETH,BASELINE_STAGED,discovery,2,34,5,0.14705882352941177,-0.017953147645751857,-0.005761578775131048,0.011924738991771123,0.00026682987884968536,0.44215534595288886,0.02202311548777988,-0.0005280337542868193,1,27.5
ETH,R66_SHARED,discovery,2,24,4,0.16666666666666666,-0.011102064344888226,-0.002657663759313588,0.008247199059895073,0.0001972015256795629,0.49002026244700075,0.01680088842166856,-0.0004625860143703427,0,25.0
ETH,BASELINE_STAGED,control,2,21,4,0.19047619047619047,-0.007589450920677133,-9.396361899585595e-05,0.0072628771362148745,0.00023261016546640288,0.5566911965902399,0.01639604082024879,-0.00036140242479414916,2,50.0
ETH,R66_SHARED,control,2,12,2,0.16666666666666666,-0.007858681053211428,-0.004044871838032671,0.0037077086182135737,0.00010610059696518217,0.3837383918636877,0.01342042648184006,-0.000654890087767619,1,42.5
ETH,BASELINE_STAGED,discovery,5,18,2,0.1111111111111111,-0.010839976510463435,-0.006623627607549655,0.004139222602293802,7.712630061997792e-05,0.41353154072803666,0.013958795004061192,-0.0006022209172479687,0,17.5
ETH,R66_SHARED,discovery,5,13,1,0.07692307692307693,-0.010447727095608665,-0.007367953625447858,0.0030209817475938872,5.8791722566921633e-05,0.2736844142573394,0.011116036580022437,-0.0008036713150468204,0,20.0
ETH,BASELINE_STAGED,control,5,13,4,0.3076923076923077,-0.0014308493626031234,0.002073158583886587,0.003344732343787564,0.0001592756027021462,0.8463567976272961,0.011071457838822728,-0.00011006533558485565,0,65.0
ETH,R66_SHARED,control,5,9,2,0.2222222222222222,-0.005865178056899638,-0.003563461055520973,0.002226079069773475,7.563793160519108e-05,0.38151744152821293,0.010340130581901367,-0.0006516864507666265,1,65.0
ETH,BASELINE_STAGED,discovery,10,11,2,0.18181818181818182,-0.003662198711273822,-0.0018181847128774,0.001821713375046799,2.2300623349623194e-05,0.6421652205542856,0.0077810746279432085,-0.00033292715557034746,0,20.0
ETH,R66_SHARED,discovery,10,8,1,0.125,-0.004826780747327596,-0.0034722491204267824,0.001346324922202405,8.20670469840872e-06,0.41843470196981136,0.005870140345403117,-0.0006033475934159495,0,17.5
ETH,BASELINE_STAGED,control,10,3,0,0.0,-0.0017528638447163762,-0.00132251729170989,0.0004147697277907229,1.557682521576325e-05,0.0,0.0023729794430484034,-0.000584287948238792,0,70.0
ETH,R66_SHARED,control,10,3,1,0.3333333333333333,-0.00033529187749070666,0.00011304271447008395,0.00041548750779381294,3.284708416697757e-05,0.8086731310179553,0.002418407951385292,-0.00011176395916356889,0,70.0
NQ,BASELINE_STAGED,discovery,2,5,2,0.4,-0.00022803019907739405,0.0020513150813022173,0.0021522594322327714,0.00012708584814683963,0.8997848516811111,0.004809835287590109,-4.560603981547881e-05,0,135.0
NQ,R66_SHARED,discovery,2,0,0,,0.0,0.0,0.0,0.0,,0.0,,0,
NQ,BASELINE_STAGED,control,2,2,0,0.0,-0.0021624536877533195,-0.0013997320953777902,0.0007349240930069419,2.779749936858729e-05,0.0,0.002420867907157169,-0.0010812268438766598,0,105.0
NQ,R66_SHARED,control,2,2,0,0.0,-0.0021624536877533195,-0.0013997320953777902,0.0007349240930069419,2.779749936858729e-05,0.0,0.002420867907157169,-0.0010812268438766598,0,105.0
NQ,BASELINE_STAGED,discovery,5,1,0,0.0,-0.0011255452118226247,-0.0008449346612030979,0.000278674561775351,1.9359888441758855e-06,0.0,0.0011255452118226206,-0.0011255452118226247,0,20.0
NQ,R66_SHARED,discovery,5,0,0,,0.0,0.0,0.0,0.0,,0.0,,0,
NQ,BASELINE_STAGED,control,5,1,0,0.0,-0.0008262155040140253,-0.0005282957362524835,0.0002908473585536229,7.072409207918956e-06,0.0,0.0009706273621891689,-0.0008262155040140253,0,70.0
NQ,R66_SHARED,control,5,1,0,0.0,-0.0008262155040140253,-0.0005282957362524835,0.0002908473585536229,7.072409207918956e-06,0.0,0.0009706273621891689,-0.0008262155040140253,0,70.0
NQ,BASELINE_STAGED,discovery,10,0,0,,0.0,0.0,0.0,0.0,,0.0,,0,
NQ,R66_SHARED,discovery,10,0,0,,0.0,0.0,0.0,0.0,,0.0,,0,
NQ,BASELINE_STAGED,control,10,0,0,,0.0,0.0,0.0,0.0,,0.0,,0,
NQ,R66_SHARED,control,10,0,0,,0.0,0.0,0.0,0.0,,0.0,,0,
GOLD,BASELINE_STAGED,discovery,2,20,3,0.15,-0.015019384467571952,-0.007923660677453299,0.006883050398211435,0.0002126733919072201,0.23391278201483742,0.018476433157442757,-0.0007509692233785976,1,50.0
GOLD,R66_SHARED,discovery,2,8,1,0.125,-0.0035462820318167224,-0.0008134281611656584,0.002346241869965972,0.00038661200068509244,0.5678580061191439,0.008731612376212445,-0.0004432852539770903,1,27.5
GOLD,BASELINE_STAGED,control,2,12,1,0.08333333333333333,-0.009044388049324607,-0.003325864183591294,0.005577895076485153,0.00014062878924816065,0.3463353911031163,0.010180382197572467,-0.0007536990041103839,1,32.5
GOLD,R66_SHARED,control,2,5,1,0.2,-0.001333782084249474,0.0009889961956205129,0.0022293965018443302,9.338177802565599e-05,0.7496002097709308,0.0057611073648694555,-0.0002667564168498948,0,35.0
GOLD,BASELINE_STAGED,discovery,5,10,2,0.2,-0.004429706012515255,-0.0020574284817592133,0.0022923615513158464,7.991597944019522e-05,0.42147263589978956,0.006536461955460287,-0.00044297060125152545,1,32.5
GOLD,R66_SHARED,discovery,5,6,1,0.16666666666666666,-0.0024991598160147175,-0.0012687457610877676,0.0012037103821060252,2.6703672820924566e-05,0.4787005133061576,0.005026702128310501,-0.0004165266360024529,0,30.0
GOLD,BASELINE_STAGED,control,5,2,0,0.0,-0.0021175374659400848,-0.0014469538455828563,0.0006382582528496674,3.232536750756115e-05,0.0,0.0033458982782111797,-0.0010587687329700424,0,140.0
GOLD,R66_SHARED,control,5,1,0,0.0,-0.0009593078649545208,-0.0005921047340238926,0.0003395473229826656,2.765580794796257e-05,0.0,0.0021890944201431377,-0.0009593078649545208,0,235.0
GOLD,BASELINE_STAGED,discovery,10,7,2,0.2857142857142857,-0.0020775936236681236,-0.000729058932001593,0.001288635481115308,5.98992105512226e-05,0.5342032625465006,0.004759900869461009,-0.00029679908909544623,1,30.0
GOLD,R66_SHARED,discovery,10,4,1,0.25,-0.00031952186168255085,0.0003062166417480531,0.0006064832423837331,1.925526104687076e-05,0.8543199882660046,0.0023688411861733176,-7.988046542063771e-05,0,47.5
GOLD,BASELINE_STAGED,control,10,0,0,,0.0,0.0,0.0,0.0,,0.0,,0,
GOLD,R66_SHARED,control,10,0,0,,0.0,0.0,0.0,0.0,,0.0,,0,
BRENT_YAHOO,BASELINE_STAGED,discovery,2,32,11,0.34375,0.012607181574050474,0.02436211647983511,0.011473776526113795,0.0002811583796708402,1.405972082646859,0.01204227543680923,0.0003939744241890773,7,67.5
BRENT_YAHOO,R66_SHARED,discovery,2,27,9,0.3333333333333333,0.007040973054085638,0.01633728237064449,0.009013817232345681,0.0002824920842131709,1.2719846424350651,0.011392748625019107,0.00026077677978094955,2,65.0
BRENT_YAHOO,BASELINE_STAGED,control,2,22,5,0.22727272727272727,0.015050966416013457,0.022800742156088547,0.007612419215824549,0.00013735652425053463,1.6776930445978593,0.011460287027435888,0.0006841348370915208,3,22.5
BRENT_YAHOO,R66_SHARED,control,2,16,5,0.3125,0.014436033830742705,0.019614167568658282,0.005056493639726926,0.0001216400981886482,1.8884716214954198,0.010210663083674793,0.000902252114421419,0,67.5
BRENT_YAHOO,BASELINE_STAGED,discovery,5,24,9,0.375,0.02089529582222551,0.027678908038027316,0.006590949608399959,0.000192662607401845,2.267376623419755,0.008369417596055199,0.000870637325926063,3,77.5
BRENT_YAHOO,R66_SHARED,discovery,5,21,9,0.42857142857142855,0.012363283489587054,0.01817608783645378,0.005579316214303432,0.00023348813256329333,1.694870692639484,0.009311030208465456,0.0005887277852184311,0,80.0
BRENT_YAHOO,BASELINE_STAGED,control,5,17,5,0.29411764705882354,0.01674244651737448,0.021454707692902794,0.004600590825917536,0.00011167034961077384,2.0205225535817255,0.00934512482883496,0.0009848497951396753,3,65.0
BRENT_YAHOO,R66_SHARED,control,5,14,5,0.35714285714285715,0.015838348074754798,0.01942912420907756,0.003491568591181866,9.920754314089935e-05,2.365074579655481,0.005454835294816809,0.0011313105767681998,0,80.0
BRENT_YAHOO,BASELINE_STAGED,discovery,10,9,5,0.5555555555555556,0.01589484852042197,0.017773714918339137,0.0017742858439557514,0.00010458055396141609,3.742375295803006,0.005456548784918871,0.0017660942800468854,3,95.0
BRENT_YAHOO,R66_SHARED,discovery,10,6,4,0.6666666666666666,0.009266487321540548,0.010473773064664342,0.0010955964046821035,0.00011168933844169078,3.7740664683453646,0.0038824602530940252,0.0015444145535900913,1,227.5
BRENT_YAHOO,BASELINE_STAGED,control,10,10,2,0.2,0.002441837601299339,0.0041076444139772515,0.001640312954534747,2.549385814316625e-05,1.2984010207779835,0.004038451586737355,0.0002441837601299339,0,40.0
BRENT_YAHOO,R66_SHARED,control,10,5,1,0.2,-0.00019847020820728807,0.0005914815075303016,0.0007739785029408708,1.5973212796718134e-05,0.9506752577555404,0.0035473357356963883,-3.969404164145761e-05,0,65.0
CNYRUBF,BASELINE_STAGED,control,2,3,0,0.0,-0.0023892594212110256,-0.0011365355077936497,0.0012361305095394944,1.6593403877881183e-05,0.0,0.002430295459183243,-0.0007964198070703419,0,40.0
CNYRUBF,R66_SHARED,control,2,1,0,0.0,-0.0011117584664685504,-0.0007291930212263815,0.00037731841337792143,5.247031864247392e-06,0.0,0.0014245593352042421,-0.0011117584664685504,0,40.0
CNYRUBF,BASELINE_STAGED,control,5,1,0,0.0,-0.0011778993653259566,-0.0008411479971791036,0.00033213269497511913,4.618673171733836e-06,0.0,0.0013536293659661411,-0.0011778993653259566,0,40.0
CNYRUBF,R66_SHARED,control,5,1,0,0.0,-0.0011778993653259566,-0.0008411479971791036,0.00033213269497511913,4.618673171733836e-06,0.0,0.0013536293659661411,-0.0011778993653259566,0,40.0
CNYRUBF,BASELINE_STAGED,control,10,0,0,,0.0,0.0,0.0,0.0,,0.0,,0,
CNYRUBF,R66_SHARED,control,10,0,0,,0.0,0.0,0.0,0.0,,0.0,,0,
MOEX,BASELINE_STAGED,control,2,0,0,,0.0,0.0,0.0,0.0,,0.0,,0,
MOEX,R66_SHARED,control,2,0,0,,0.0,0.0,0.0,0.0,,0.0,,0,
MOEX,BASELINE_STAGED,control,5,0,0,,0.0,0.0,0.0,0.0,,0.0,,0,
MOEX,R66_SHARED,control,5,0,0,,0.0,0.0,0.0,0.0,,0.0,,0,
MOEX,BASELINE_STAGED,control,10,0,0,,0.0,0.0,0.0,0.0,,0.0,,0,
MOEX,R66_SHARED,control,10,0,0,,0.0,0.0,0.0,0.0,,0.0,,0,
